id,day,priority,owner,depends_on,task,deliverable,acceptance_criteria,verification,estimate_hours,status,evidence,blocker
PV-CAD-02,conditional,P2,Owner,,"Confirm pilot access, reference geometry and fabrication method",NEW cad/pilot/owner-inputs.md,"Resolve manuscript/publication decisions first; explicitly elect a ONE-specimen feasibility pilot using an existing released mold/specimen, volumetric drive and pose apparatus. New mold development and N=10 campaign are OUT; if reuse is unavailable stop and rescope.","Owner signs dated decisions and availability references; identify material/process, operator and laboratory approval still needed.",2,deferred,,Entire branch parked pending its owner/research entry decision; no active CAD hours authorized by this schedule.
PV-CAD-01,conditional,P2,Agent,PV-CAD-02,Reconcile physical-pilot geometry and measurement requirements,NEW cad/pilot/requirements.md; cad/pilot/parameters.csv,"Separate chamber volume from syringe displacement, tubing dead volume, gas compressibility and leaks; identify critical geometry, camera accuracy and pressure limits as sourced values or unresolved inputs. Map each fixture to an observable endpoint, not a health claim.",Review against both source documents; retain a requirement-to-part table with units and unresolved decisions.,2,deferred,,Entire branch parked pending its owner/research entry decision; no active CAD hours authorized by this schedule.
PV-CAD-08,conditional,P2,Agent,PV-CAD-01,Establish code-CAD regeneration and CI geometry tests,NEW cad/requirements.lock; cad/generate.py; cad/tests/; .github/workflows/cad-geometry.yml,"Use CadQuery for parameter-driven families and neutral STEP checks, Onshape for hand-modeled fixtures after confirming account/access. Pin Python/CadQuery/OCP dependencies after a clean isolated install and export/reimport smoke test. Add geometry CI before accepting a parametric model; screenshots are supplementary, not acceptance.","Proposed commands, NOT YET IMPLEMENTED: python cad/generate.py --parameters <registered-parameters.csv> --output <temporary-output>; python -m pytest cad/tests -q. Assert geometry metrics against a reviewed contract with declared tolerances; prove failure on an altered parameter, invalid dimensions, missing inputs and bad STEP. Retain version lock, numeric JSON and STEP outputs.",3,deferred,,Requires predecessor acceptance and owner promotion where parked. Tool installation and geometry tests have not run.
PV-CAD-03,conditional,P2,Agent,PV-CAD-01;PV-CAD-08,Verify reused specimen/mold geometry and wall bounds,"NEW cad/pilot/mold/ (editable source, STEP, drawings)","Version authorized existing mold/specimen geometry and make only the verification representation for wall thickness, chamber volume and fits. No new mold-production campaign; unavailable source means rescope.","Regenerate reviewed wall bounds from parameters.csv, export/reimport STEP and assert positive walls, chamber/solid volume and analytic limits in CI. Invalid walls, missing inputs and units must fail.",3,deferred,,Entire branch parked pending its owner/research entry decision; no active CAD hours authorized by this schedule.
PV-CAD-04,conditional,P2,Agent,PV-CAD-01;PV-CAD-08,Model specimen base and pneumatic-routing fixture,"NEW cad/pilot/specimen-fixture/ (source, STEP, assembly drawing)","Define repeatable clamping without crushing active chambers, pressure tee locations, strain relief and traceable tubing lengths. Preserve free/contact operating modes selected by the pilot; no fixture contact in the measured motion envelope.","Review assembly mates, full motion clearance and hose routing; retain interference and nominal/dead-volume inventory.",2,deferred,,Entire branch parked pending its owner/research entry decision; no active CAD hours authorized by this schedule.
PV-CAD-05,conditional,P2,Agent,PV-CAD-01;PV-CAD-08,Model volumetric-drive mounting and calibration interfaces,"NEW cad/pilot/volume-drive/ (source, STEP, dimensioned assembly)","Reference the selected commercial drive or model syringe restraints, plunger alignment, travel stops and pinch-zone shielding for a custom drive. Record stroke-to-displacement calibration interface; syringe displacement must not be labeled direct chamber volume.",Check full travel and connector access; produce an error-source diagram covering compliance and gas/tubing effects; qualified review remains necessary before pressurization.,2,deferred,,Entire branch parked pending its owner/research entry decision; no active CAD hours authorized by this schedule.
PV-CAD-06,conditional,P2,Agent,PV-CAD-02;PV-CAD-04,Model independent pose target and camera/calibration fixture,"NEW cad/pilot/pose-fixture/ (source, STEP, views)","Define marker/target attachment, sensor coordinate frame, scale reference and camera or mocap clearance. Quantify added target mass from sourced density and note potential perturbation of actuator pose.",Retain field-of-view and full-motion checks plus target mass calculation; physical pose accuracy is deferred to calibration.,2,deferred,,Entire branch parked pending its owner/research entry decision; no active CAD hours authorized by this schedule.
PV-CAD-07,conditional,P2,Agent,PV-CAD-03;PV-CAD-04;PV-CAD-05;PV-CAD-06,Release a reproducible pilot CAD and fabrication-review packet,"NEW cad/pilot/release/ (BOM, drawings, export manifest, inspection checklist)","Publish editable/version-pinned source, STEP solids, fabrication drawings, dimensions/material/process notes, supplier references, assembly and section visuals. Proposed assets remain labeled CAD/design-only; pressure-test permission and calibration are separate gates.","Second operator reopens exported geometry and checks units, dimensions, part count and assembly fit against source. Retain hashes and review issues; no build approval from this task alone.",2,deferred,,Entire branch parked pending its owner/research entry decision; no active CAD hours authorized by this schedule.
PV-CAD-09,,,,,Known-volume reference chamber for calibrating the volumetric drive,"cad/reference-volume/{parameters.csv,generate.py,DESIGN_NOTES.md,build/}; tests/test_cad_reference_volume.py; artifacts in ~/Projects/Soft-Actuator-Calibration/",Enclosed cavity volume equals SLSParams.V0 measured on the built solid; every dimension classified by provenance; unresolved inputs marked with how to resolve them rather than guessed; headless build with no dialogs,"Built 2026-09-26 on the CAD host, CadQuery 2.8.0, headless. Cavity 5000.0 mm^3 vs target 5000.0 mm^3, relative error 1.8e-16, PASS. Hoop stress 0.213 MPa vs 7.5 MPa derated allowable, ~35x. STEP re-verified locally. 3 repo tests bind the part to SLSParams.V0 and NetworkParams.P_s",,done,,"NOT a specimen and NOT a mold: no released specimen geometry exists to reuse and CAD_PLAN says stop rather than treat new mold development as authorised, so none was designed. This is a calibration artifact answering CAD_ITEMS' own point that syringe displacement is not automatically chamber volume. PV-CAD-01..08 remain deferred. Two inputs UNRESOLVED before manufacture: port thread (measure the drive's fitting) and material allowable (datasheet, derated for layer adhesion). Wall is manufacturing-governed, not stress-governed"
